Model,Encoding,Accuracy,Precision,Recall,F1-Score,ROC-AUC
Logistic Regression,One-Hot Encoded,0.8726415094339622,0.6666666666666666,0.5,0.5714285714285714,0.8205492424242423
Naive Bayes,One-Hot Encoded,0.6367924528301887,0.297029702970297,0.8333333333333334,0.43795620437956206,0.7769886363636362
Decision Tree,Label Encoded,0.7971698113207547,0.41025641025641024,0.4444444444444444,0.4266666666666667,0.6488320707070707
Gradient Boosting,Label Encoded,0.8632075471698113,0.7692307692307693,0.2777777777777778,0.40816326530612246,0.8000315656565656
SVM,One-Hot Encoded,0.8584905660377359,0.875,0.19444444444444445,0.3181818181818182,0.85385101010101
K-Nearest Neighbors,One-Hot Encoded,0.8443396226415094,0.6363636363636364,0.19444444444444445,0.2978723404255319,0.774542297979798
Random Forest,Label Encoded,0.8584905660377359,1.0,0.16666666666666666,0.2857142857142857,0.8211805555555556
